,temperature,precipitation,humidity
2020-01-01,15.993428306022466,3.5405187497106927,54.191080780438185
2020-01-02,14.895604959215978,0.3780895220678125,58.928572639397856
2020-01-03,16.63959319242884,6.30319844968266,59.18413349675078
2020-01-04,18.562256385048588,4.310385664353921,54.98500866737105
2020-01-05,15.219717518576527,12.155630167749399,63.320942182807315
2020-01-06,15.391374073476104,2.985748575939297,62.97666401945149
2020-01-07,19.18944260548913,7.091448356962661,61.0906882890561
2020-01-08,17.736949907299344,1.30471959360799,58.62520339719524
2020-01-09,15.433838949262745,1.968235038105367,67.98911107434812
2020-01-10,17.62820829381474,11.120021152293404,71.3632119787271
2020-01-11,15.78609605618985,6.122309226135609,61.00805546439686
2020-01-12,15.95080759129193,4.7839667904059775,60.703699611090784
2020-01-13,17.53496954181826,14.1864416490065,66.55812832443237
2020-01-14,13.392654640726057,3.186764547199349,62.648283361348376
2020-01-15,13.936891995033434,7.080106972830175,64.07646931680283
2020-01-16,16.428957892679925,7.433561218261761,68.8053316609471
2020-01-17,15.69391933467221,9.579628045542695,55.89238271314564
2020-01-18,18.513318993996638,1.163119356630518,72.36116028187553
2020-01-19,16.23316409552047,3.170456180602019,66.46182711477249
2020-01-20,15.38808921425306,4.2562895725738255,64.36792751103638
2020-01-21,21.30652653378424,9.477072912767442,66.30428722077502
2020-01-22,18.085208620790645,4.646835465137716,66.88566921863003
2020-01-23,18.83230183828258,7.444320873888499,58.73848434058884
2020-01-24,16.00713769000916,1.0621940225126203,75.18795926213832
2020-01-25,17.926114443009368,2.622545277361046,68.23638794547256
2020-01-26,19.3937812055429,8.296495185556465,70.55888270448321
2020-01-27,17.025768770659706,2.906135587348373,73.41326070387883
2020-01-28,20.23368945409545,3.373720282656682,63.85877454700672
2020-01-29,18.434225329190898,9.377897245788457,71.63836491323316
2020-01-30,19.203950901571332,1.5898571311473266,68.23647134782179
2020-01-31,18.73434227714098,1.9407545132149344,74.10936487928201
2020-02-01,23.79126580753892,0.9512792184500085,59.537281775284605
2020-02-02,20.207161624179633,9.624497281182196,69.97284064610467
2020-02-03,18.264629857471196,6.679574231486338,67.74600015184619
2020-02-04,22.169442955882573,6.5651122311189205,73.21002101652316
2020-02-05,18.22533026296913,2.5629993270915676,73.68425606266337
2020-02-06,21.22572992454752,0.8787950354239243,68.07787599496588
2020-02-07,17.027926621848085,0.6342266349678589,68.33366441833505
2020-02-08,18.4283966033544,8.337181832954224,71.61621055951588
2020-02-09,21.614189956146923,5.011624990574278,67.9577238322413
2020-02-10,22.831256168892594,5.701941247914365,76.91856449506417
2020-02-11,21.829032172729754,4.113354577935747,71.1265552184624
2020-02-12,21.3850496176463,1.740988154966545,58.697751268237354
2020-02-13,21.142228797150878,2.659883716410762,71.61476209354987
2020-02-14,18.913483691501813,1.3769076464853345,68.54833624025348
2020-02-15,20.554894853727056,1.218698035867462,65.83278746372821
2020-02-16,21.19528868089817,6.3110545915982845,68.04599925452263
2020-02-17,24.350684835396954,0.7003756008482992,75.0199231250831
2020-02-18,23.041406808776777,1.3856672528504574,81.35154460052087
2020-02-19,18.943640566240084,2.7863226944151642,76.505364123256
2020-02-20,23.231226023575214,3.612881521968503,72.13359922849256
2020-02-21,21.923983708006745,0.9390924102711056,77.66781751353227
2020-02-22,21.449114510095836,4.604883031479957,73.31046547032055
2020-02-23,24.13280914524951,3.945546316830749,72.34591128931982
2020-02-24,25.075609926738665,8.241767740666516,70.2554084223286
2020-02-25,24.977950828306007,3.6591802007941894,67.47163714638862
2020-02-26,21.536330486578866,4.942106094023974,74.47991253325105
2020-02-27,22.69328151195565,1.8294778487040046,77.41367997691682
2020-02-28,24.06871091915191,1.8979746600643903,76.32924976261512
2020-02-29,25.449261169519996,1.0427330485054913,74.91650719081377
2020-03-01,22.62929110706745,1.8452500874491526,72.44654886203216
2020-03-02,23.303245593968335,2.628301150008893,80.39035805301678
2020-03-03,21.546247103430375,7.704355666052931,70.93217450315194
2020-03-04,21.448261851272292,1.608233764255299,81.56148976808466
2020-03-05,25.54486510938388,12.506249450890731,72.82854183455734
2020-03-06,26.70878875366408,5.252126957109277,74.23044120627969
2020-03-07,23.92611788486569,4.51997660475395,70.80635030297432
2020-03-08,26.148345677637383,3.447738522706298,75.7755490292785
2020-03-09,24.932984927261614,2.967999921051862,83.29598804672258
2020-03-10,22.985177326581717,2.0911521716320376,81.12897411380371
2020-03-11,25.061163499246078,0.899949806984967,83.56885513659869
2020-03-12,27.474633712350894,1.6590657627418814,81.4078338885076
2020-03-13,24.384311796051524,9.609331067084586,73.39357860589101
2020-03-14,27.63985247457955,5.028838302559774,77.36718420426529
2020-03-15,19.322858057739566,9.553374047718604,75.2237008862508
2020-03-16,26.255102847473456,2.0457154675483142,85.8754701976412
2020-03-17,24.83149351302489,1.3397748891693648,73.33085552096554
2020-03-18,24.102624517583337,3.4221131969879433,83.8697668839757
2020-03-19,24.924526104795206,1.714318179243037,83.94677845399225
2020-03-20,20.803345585854785,3.9741363537956707,88.70506783869358
2020-03-21,24.37372092704107,0.7137880488126506,77.57769644228469
2020-03-22,25.558963310544417,0.38079737099956945,83.25108713294266
2020-03-23,27.829282513422896,4.395425110839771,91.15524803057393
2020-03-24,23.862784514326236,9.785366125126487,76.71044151707859
2020-03-25,23.305234888392945,4.536508319207162,72.16924295069684
2020-03-26,23.938664981770447,4.9927328842728365,70.48430796834023
2020-03-27,26.789994196875938,3.533454815843798,83.48194006725025
2020-03-28,25.630751950400924,3.790021887891597,70.53074842187019
2020-03-29,23.924833804021564,0.8534142356922192,78.10711315842167
2020-03-30,26.019034978623544,1.7720407728118241,82.17156615998847
2020-03-31,25.191840118494987,7.651896355194247,80.92124772374738
2020-04-01,26.93719737842768,2.5812955517350926,82.12703911564466
2020-04-02,23.595060398792675,7.5490392895680705,81.10978245209903
2020-04-03,24.340138513678035,3.71279726113765,86.38525468031412
2020-04-04,24.20458084958602,3.854197018796308,75.21601240800669
2020-04-05,22.052141712389684,2.597205286785273,76.57336752501519
2020-04-06,25.558829571670852,5.51631304573382,76.06988080872928
2020-04-07,25.473163655366758,6.4639569351812645,84.05306528132701
2020-04-08,24.942795405959064,1.6879095274308202,84.3671299273236
2020-04-09,24.441966373184254,0.9421944781101479,82.07840787646163
2020-04-10,22.05603441822258,0.48481151404059786,85.69102013909645
2020-04-11,24.018190854107587,4.8245197005048475,73.8287586623947
2020-04-12,24.143836486746284,4.440667696446864,87.99465159735533
2020-04-13,23.19158237801166,14.802608476781714,87.20846694147109
2020-04-14,24.437534082991665,3.549111296912082,83.1983209988761
2020-04-15,25.529283679919693,3.084465301652361,88.35135847643653
2020-04-16,28.4517496326617,4.072500040457358,71.07563962209241
2020-04-17,24.983861111305167,4.234856715115679,76.64717028996972
2020-04-18,25.102278951318493,2.901689166074141,75.49783903633616
2020-04-19,24.38791813477212,1.7380081956322746,82.68101655139564
2020-04-20,20.64607336952363,3.4066275046897143,73.7165279022327
2020-04-21,24.374583683005774,3.3098435791323917,82.64269861449584
2020-04-22,24.48927388283637,3.269130670064562,85.5903076458922
2020-04-23,29.233723535350364,5.922002957254596,82.09049312117958
2020-04-24,23.858185292368688,3.360135197650914,79.90456956216937
2020-04-25,24.778930945261163,0.9639298575558984,73.41230581668414
2020-04-26,24.036622761531675,1.9942572868983892,73.9778377712575
2020-04-27,21.696201948007783,2.8735059863588543,84.31521057297702
2020-04-28,26.24403853637913,3.481752717788663,81.81353083422485
2020-04-29,25.38443929166848,4.8965711008449455,77.56604885570214
2020-04-30,25.38218593382145,3.502592234803798,75.51069635064125
2020-05-01,21.898288277503738,0.3920114316795669,67.30508700862956
2020-05-02,26.437009902371315,1.0839183002311141,71.90858046757603
2020-05-03,20.739519571913707,5.134674771632855,86.64353883069515
2020-05-04,24.626204761131174,2.812040177321333,70.50270329204893
2020-05-05,27.740166045806326,3.73211426642824,77.66590869447815
2020-05-06,21.282469336977716,2.5365347225505204,81.56430384045419
2020-05-07,22.032785055253616,1.9871335817041407,70.05614768890686
2020-05-08,23.26410219338473,2.6117641324382586,77.05315130032432
2020-05-09,21.95487732959376,3.7653604619736614,80.6132349632056
2020-05-10,19.755171688654883,3.3412043106650278,75.77549371111054
2020-05-11,22.885966363282463,6.4352984342949,89.83969610567466
2020-05-12,20.514278700453218,0.7814323836036314,66.93477596141989
2020-05-13,23.473853136590446,0.9031075281739495,80.34697920005956
2020-05-14,20.57337164001835,2.7860196946366216,73.9604315299896
2020-05-15,25.395444350899954,4.93594719123,78.45075185591313
2020-05-16,20.610262552087146,5.702778022219656,76.56007403201546
2020-05-17,21.41171306866043,2.0553718493224293,70.44589121659357
2020-05-18,23.559846703609114,0.1208776545884916,75.01060650003625
2020-05-19,19.34600546190225,2.1125062638218473,64.32596093254888
2020-05-20,22.135558511343593,4.45075820560621,76.37751478712764
2020-05-21,24.165849080655708,3.2939595278353258,74.59391947413434
2020-05-22,18.205580663243182,5.063930716975195,76.03439510794679
2020-05-23,21.656895863022953,7.475690879011014,77.86584791735244
2020-05-24,21.672611588130124,2.9405375547149304,74.1437912003151
2020-05-25,22.579886375803845,2.3147850722873473,72.77292836348983
2020-05-26,18.40395110116857,1.5309548973097573,67.350363362543
2020-05-27,18.09680945287469,0.8976886921461302,67.91434153984123
2020-05-28,21.63977575533556,0.6618108553608085,77.12545834909018
2020-05-29,21.046373731872883,1.8870483492176615,78.08648579934291
2020-05-30,20.808286182311086,6.803814372081337,69.42404878167841
2020-05-31,20.853520329152477,5.407996144250775,70.55126155658343
2020-06-01,18.652368691300776,2.2255920656117154,65.50176439394669
2020-06-02,20.327234465408907,12.582205902334094,75.58923836851103
2020-06-03,20.297740023336,2.0012267676825553,72.75027427193618
2020-06-04,18.13036409903185,7.9506674756816444,78.82422105248791
2020-06-05,23.136736865794465,9.209145351750928,64.4187603011112
2020-06-06,20.19766924151912,4.667609765847686,66.6099673043
2020-06-07,16.710952593750918,1.871818422258824,69.34434878894028
2020-06-08,20.249009983832327,2.4762528829355896,71.10425322175819
2020-06-09,16.827716311585007,3.8332751224430273,66.47582111634112
2020-06-10,20.19130651478258,0.9246303927172044,62.86946916232685
2020-06-11,20.773314284722144,1.4013637989148282,71.31928389803252
2020-06-12,16.65272018554188,1.295065371118052,70.19384645721851
2020-06-13,20.057822667846914,4.919830156902177,61.680770315897924
2020-06-14,18.792690046607905,7.4277180875019155,72.71147039099729
2020-06-15,19.446427071981137,5.55558149251503,71.45560704996733
2020-06-16,21.430240892587964,6.62322462197027,65.9447923407991
2020-06-17,16.979445572803616,1.7362526312319548,65.33843292149889
2020-06-18,15.795584373591144,2.5676646447989655,67.37640226019178
2020-06-19,15.356180295146917,2.7267245555089117,59.96190295751463
2020-06-20,15.335108328004889,4.654422726786811,64.08361519169195
2020-06-21,16.643462438427417,1.9325629528169996,52.83341399146535
2020-06-22,17.31037407901846,6.348762320196321,67.63841848628502
2020-06-23,17.01137356785879,9.042184517065497,55.108517826188205
2020-06-24,17.94184827259786,4.8240057553632685,70.09206269119662
2020-06-25,16.142593854972766,2.477034080260359,60.58257967260165
2020-06-26,18.852435652486626,1.6021065422389975,60.8324000866881
2020-06-27,15.244551125858717,1.2979569940679956,58.40906005424674
2020-06-28,21.04247110683717,0.39768472215455924,59.76407117770548
2020-06-29,16.68155702557532,2.794072917887448,67.95310138583079
2020-06-30,13.543869289438765,2.6684711676687902,48.07732552186726
2020-07-01,12.944284972764663,6.085231711835709,66.55696686821472
2020-07-02,15.87887486159949,2.0431125344732255,61.51797746773478
2020-07-03,14.294890027076974,2.9201788835025333,53.448522956171274
2020-07-04,15.99777865813888,4.117480604043967,53.7629933746632
2020-07-05,15.344342475489162,4.768520259345136,67.17769958872516
2020-07-06,14.080477382351622,5.613581126257716,53.72473601561708
2020-07-07,12.361045065691197,3.8229152134071294,52.34251245067622
2020-07-08,10.853715479411328,0.9809706287838393,63.453392569389756
2020-07-09,12.81948832134015,4.475487067565071,59.11780083237795
2020-07-10,15.2548056194482,1.9185247419023652,52.394388178920515
2020-07-11,13.800117358875243,7.66174003771876,57.826984618252766
2020-07-12,10.710856585320403,3.3885585138720393,51.275904867287366
2020-07-13,13.3796329537666,3.994397443527675,61.5706491962415
2020-07-14,13.635425605059714,15.573780853038466,61.03643651556975
2020-07-15,10.929228425291615,5.681333241127854,58.05391758949748
2020-07-16,12.837228407081703,4.417511828020316,56.86786169661638
2020-07-17,12.479762509611927,2.9884692675807845,63.53263076977672
2020-07-18,9.911752652346593,1.0661856842599413,54.3938181329568
2020-07-19,12.748446527961665,2.8222407585176743,48.156372987426195
2020-07-20,12.990498643378201,1.5842539162420222,55.985228745445
2020-07-21,13.87201766410525,9.77125014601902,63.84206560319497
2020-07-22,13.651480977362473,4.459741941467296,48.013956280656075
2020-07-23,8.627523956788142,7.475956248158408,50.958411551934724
2020-07-24,9.347270268130108,1.9937610622167334,54.52807088642797
2020-07-25,12.094167767852655,1.6897000161193452,51.85867022184197
2020-07-26,11.934012313668207,5.302997141043743,46.90136292180101
2020-07-27,11.780091972916555,1.5268248829161957,57.10928248176128
2020-07-28,18.30027513780449,2.32659726766655,62.789827923076395
2020-07-29,11.582714086301744,10.076127464089762,51.86252342495035
2020-07-30,12.559536203622558,2.4042877084088907,46.05646839784272
2020-07-31,12.045276455899504,0.8485811792876001,42.52974323255882
2020-08-01,11.29036436815384,0.5406687433020106,51.265043637190395
2020-08-02,9.208837600560782,0.7421003851534667,55.19813889626423
2020-08-03,11.210637959367203,7.771541479179606,51.76123776923824
2020-08-04,8.00194518551835,2.1018300686165343,49.08317202459272
2020-08-05,8.93047016241822,15.262103172645958,45.861856492849945
2020-08-06,8.291550225298549,9.110866597046424,43.063736478323065
2020-08-07,9.285895755847912,11.65921019536598,52.41805158577495
2020-08-08,13.61307650109779,6.738207384223921,52.53637684242947
2020-08-09,5.112623615183225,5.109226330518214,39.96565906727977
2020-08-10,10.084892234790683,1.6356243816271208,55.37393859898673
2020-08-11,5.354021125255061,3.324628110867089,50.02926183973874
2020-08-12,7.504572696330282,5.474079004626324,53.89484608154727
2020-08-13,10.4972625517994,6.458348970682545,39.928083973303764
2020-08-14,8.320825943420767,1.1690883140421402,39.555411033382484
2020-08-15,5.911698175271617,2.8578926839238465,45.38952891342397
2020-08-16,6.5135564804082895,3.124377687128125,48.40224993233242
2020-08-17,9.182426361109737,3.028760712267286,54.628265841115585
2020-08-18,6.243691195700851,1.3265577097039343,48.93924348734591
2020-08-19,8.020697070677992,10.778061960084862,43.96215339896792
2020-08-20,7.564475404487545,2.782084018486027,39.81481741103037
2020-08-21,6.057913176882937,1.419079247716494,50.87223060778489
2020-08-22,11.539047764980246,10.951143209430429,39.67879204390561
2020-08-23,8.411339493848878,9.11658950075065,52.42934567228732
2020-08-24,2.9878861888586323,3.710493134642085,42.65441947631515
2020-08-25,7.308109166329409,2.2690179407300426,51.82331143667036
2020-08-26,5.511046556004067,0.6785210247416488,47.06389542137808
2020-08-27,8.441324682353354,4.843073329405927,42.78793857830952
2020-08-28,5.0557037289482345,2.138412350277774,40.68450855249664
2020-08-29,6.318036543535568,3.26279367209624,41.39047946620834
2020-08-30,7.4667528604626465,10.322571979313325,45.05514006687965
2020-08-31,8.100089107841129,2.007670260921175,43.12293992009035
2020-09-01,3.8823439987952306,4.696113414434164,39.59681658547004
2020-09-02,5.530875488582747,5.728393501329538,41.57159886894112
2020-09-03,5.169536151383158,7.610813348299285,42.6317386960059
2020-09-04,4.734948627503488,3.081366202693534,31.439543713227767
2020-09-05,9.497350457315353,2.83462052006283,44.22372452744981
2020-09-06,6.703917120979749,2.7820959363727735,36.88930127453165
2020-09-07,3.3023958307359753,4.374683307008941,35.88166546278341
2020-09-08,7.592816672178618,8.863682664067607,33.07746382058458
2020-09-09,9.937073083645473,2.6811570234576836,32.41605888990097
2020-09-10,7.69611705814798,0.17446808158005545,34.485135558529926
2020-09-11,2.5336486341877675,6.176595819641154,37.59967234403914
2020-09-12,4.54791605414578,3.5093117087710186,50.799064087389404
2020-09-13,7.99701233206879,4.850825053798059,38.29698168791507
2020-09-14,3.997482898889475,0.7076597997674787,41.71439419159423
2020-09-15,6.25293337065097,2.1454265463264273,42.73299596124867
2020-09-16,6.869890276618032,5.833436822634812,41.29657027059797
2020-09-17,3.4249570905532227,1.0303768149943262,40.17041876378881
2020-09-18,5.1208437815527175,4.688510710996042,34.503320169356414
2020-09-19,-1.2786715965930453,3.2421517007716,47.66236390848626
2020-09-20,3.121959197531598,1.773631221756119,49.37745217858978
2020-09-21,4.635382197575376,1.6484219206284407,31.867743530109966
2020-09-22,2.6176577337468974,1.338277687880952,35.106305240921294
2020-09-23,8.353681967928726,3.4951397540180107,38.77866700824588
2020-09-24,2.2071487514045915,3.8099730547861372,35.31217404010076
2020-09-25,4.168857915599058,2.4726409511746446,42.62772154526538
2020-09-26,5.294892137030482,1.2606913508722177,36.42546095288353
2020-09-27,7.90337496947831,4.5923561067041545,50.86693712172517
2020-09-28,2.139478541790786,6.25439443525262,45.97514866001731
2020-09-29,7.330864697436347,5.201169548211521,41.07194453941393
2020-09-30,5.021299535491796,11.96771210979425,45.1365981435039
2020-10-01,3.037075300542196,2.8830464509721194,45.52968732706274
2020-10-02,5.926521928727634,8.292558048253936,37.18489252011097
2020-10-03,5.405619278750105,1.928175194589941,35.93391355249651
2020-10-04,3.815212034126769,1.6663453142456666,40.422006891736956
2020-10-05,5.166354438898482,3.660204647257573,44.36168116032661
2020-10-06,4.270182844804689,9.534016895813087,40.7769220703235
2020-10-07,5.284855621562976,2.6352233226692294,32.23065945116598
2020-10-08,6.402039254862769,0.7070673417439448,36.141433591887136
2020-10-09,8.272708681417173,6.172952071304558,39.83148578028105
2020-10-10,2.6508745784064383,3.136370582513636,39.87468313049112
2020-10-11,9.42132858179161,4.165742179670989,50.173234548907196
2020-10-12,1.2827596982389022,1.744630399381627,33.44393088257282
2020-10-13,4.917946394872267,3.634433118665514,42.97097937906624
2020-10-14,6.435629861244947,0.8280967810296487,47.96355643819304
2020-10-15,5.861344516954995,10.886855623313703,51.95597029008384
2020-10-16,4.0972015838102624,6.971963479159116,38.66321413098309
2020-10-17,4.9724576605624415,3.511623014924243,43.234551586154986
2020-10-18,4.451649864763275,6.055583841971271,43.72410525415512
2020-10-19,4.3107053231600405,1.932506220076297,41.95627833186338
2020-10-20,7.243240319770622,6.762584408660469,40.59384624526062
2020-10-21,6.315470392511141,2.5415106986783855,43.38275578866232
2020-10-22,4.27580852124944,2.3959653062727795,28.66202499744307
2020-10-23,7.523782915074536,1.4253960483404247,44.85951377872922
2020-10-24,6.404886164586872,4.551046738293762,42.21146376397714
2020-10-25,7.484444355824584,3.396259571431537,40.605065752402
2020-10-26,7.189119555820863,8.470852068374828,52.09403472254507
2020-10-27,4.345701281633422,1.2738968464586402,38.632712513002375
2020-10-28,4.959824455010574,4.566023729367841,40.14499312548388
2020-10-29,7.653912110812886,7.43512918574623,52.27641631215639
2020-10-30,7.461823479424497,3.8608430429567573,38.32185937286585
2020-10-31,6.283633264775733,2.5020854072411933,39.90029649072536
2020-11-01,6.647015183859534,3.7874914129045654,42.08959371732969
2020-11-02,9.057158876301571,8.023978291843818,47.20733058009719
2020-11-03,5.410673165983558,8.021740995960691,44.226644424077
2020-11-04,7.782488498681998,3.0376807214200388,36.91346073692253
2020-11-05,6.380849162108066,7.9288082452831805,40.909626118315764
2020-11-06,6.449247003471949,3.2746361963859307,40.732446653791726
2020-11-07,9.18394282222761,6.008982848908743,43.58667301039123
2020-11-08,8.741376130408286,4.9536488440915525,46.3103051580136
2020-11-09,8.824060761293516,2.42068462390372,46.48511175802434
2020-11-10,9.916809345469277,1.4738762476511271,35.73164469207923
2020-11-11,7.458949598479893,7.5671356066177715,50.15358876823303
2020-11-12,8.894185065624377,9.006312222162494,46.32340247605201
2020-11-13,7.025296257173229,4.48820112222989,52.21431977868981
2020-11-14,8.41189232201776,3.2712500184372697,47.748110870535115
2020-11-15,7.623147668446881,1.121779069193317,51.27348234304331
2020-11-16,8.199408659468965,7.436422247960092,48.343560016217694
2020-11-17,9.319786378637152,4.119585262982676,52.990073436540385
2020-11-18,6.6191224452035975,2.708535643498367,49.12238080342998
2020-11-19,12.56842836894813,6.127071818496473,46.27773140293991
2020-11-20,6.501669626650779,0.925890168443563,58.38958238153477
2020-11-21,6.2172997655227595,1.3601628836835231,51.73653959359591
2020-11-22,11.095754262591456,1.8717664014966926,50.42778713620471
2020-11-23,10.498556686774608,4.844092706053473,41.448940515005795
2020-11-24,10.30097276449667,3.8188435434931884,41.663928173467035
2020-11-25,10.448688283990547,5.255430084270765,49.84757194163324
2020-11-26,9.308488891394987,7.097929479446485,49.39357086301884
2020-11-27,7.681138125352133,5.388938092270047,45.880680911606014
2020-11-28,9.771557401004461,11.038654098000258,49.94481006729432
2020-11-29,8.411520503320276,7.086742174365523,57.47482249290697
2020-11-30,11.86353002831446,3.0320714914578084,53.303593495709414
2020-12-01,9.768129735395949,2.1333703231006567,44.41944644803676
2020-12-02,8.561667205257095,3.104999010865925,49.867779061969514
2020-12-03,9.721725607665501,5.521166488327233,46.704162177680175
2020-12-04,11.343569491147143,2.3306058429355625,49.096913583148975
2020-12-05,9.544794968887734,5.627966552372193,49.276409820843156
2020-12-06,9.183623182743966,5.188027205391078,49.267900034733636
2020-12-07,11.472494530924088,1.454438237165181,45.694563356013546
2020-12-08,11.63329907978137,6.997052096053612,51.6484584675369
2020-12-09,10.288868220351008,4.374441299713838,49.802470957949986
2020-12-10,10.521162166999632,10.688492099342227,38.27923410646122
2020-12-11,12.088870878774136,3.2834431203930077,63.514402130626046
2020-12-12,8.8911347000817,2.6102061756325035,59.01845503723606
2020-12-13,9.135860204683997,1.2857784990139514,52.020071882249226
2020-12-14,10.678287228689031,1.2665555884723012,54.3244465910908
2020-12-15,11.853524121235253,6.438315191705523,48.702565112730085
2020-12-16,13.068282180034128,9.988125412808252,63.37154848673057
2020-12-17,15.563984773839605,3.070854321669721,64.71298815374656
2020-12-18,14.496104116362371,2.916161959702928,56.34503838114929
2020-12-19,12.629077941386953,3.5174985022962364,61.01556322355434
2020-12-20,13.079700485762183,7.323260456630365,57.11189969780474
2020-12-21,11.282009828909604,1.4664813133141015,49.89050992199079
2020-12-22,13.419885521372409,3.9874563735773427,54.854706741896095
2020-12-23,13.049895001027073,6.538502979017928,57.91406439159448
2020-12-24,14.443356671682652,4.801769208211119,55.323100508295724
2020-12-25,12.314521138421,0.09183795221912676,56.84469966387611
2020-12-26,15.179045041107877,5.407815929088347,57.823706237705494
2020-12-27,17.37745355798195,4.835136657850516,58.21955897462628
2020-12-28,14.266283030853742,8.28678601111753,59.22889910802233
2020-12-29,15.459207327970425,9.46964920615801,54.00854243556208
2020-12-30,16.208154421863874,8.01154161142608,56.07065213124361
2020-12-31,14.197559056228334,3.5319202691723595,53.57707867150017
2021-01-01,15.620318525179174,0.6720526823664298,65.23334487154769
2021-01-02,15.369400917791053,2.8995097967576506,50.1601975232533
2021-01-03,15.711548869330192,3.4471865710128586,66.80034506104968
2021-01-04,14.142004700312269,9.904842698406307,68.30779552236062
2021-01-05,15.908668335892347,1.7603064968467994,60.20839303983582
2021-01-06,17.02701355696525,0.954716247923139,49.046348509812205
2021-01-07,19.104367664583606,2.3432069462277196,60.597608088150594
2021-01-08,18.29132937330306,1.8460931225996136,62.4246546358212
2021-01-09,20.849453121665928,0.8611381655775646,58.03318531364106
2021-01-10,15.178236316038674,3.1233270918800455,60.84977091458833
2021-01-11,18.6269083718738,3.5507548832107645,71.41551019118164
2021-01-12,17.41772901016289,0.8085860059914317,67.42672580888107
2021-01-13,21.598820996477,2.5970028143017623,59.81560968819281
2021-01-14,15.770131089349192,1.7440178106975417,56.785459472141824
2021-01-15,15.874089266800315,3.6392373819683166,63.47197931427488
2021-01-16,16.520796284453002,3.914662538935987,64.3718792539299
2021-01-17,13.637032880186473,1.7443314580351454,68.25064459442875
2021-01-18,16.99770220320136,6.9549131830256306,63.421840930287466
2021-01-19,16.69443129381624,3.3886631198873847,68.98289111065658
2021-01-20,18.676016568893555,1.8183969131194564,76.42622819218342
2021-01-21,19.220273173318034,0.7534843126406969,71.15102755574875
2021-01-22,22.44958710733851,4.071716167088343,67.1540483211596
2021-01-23,20.75748173880817,4.82694404128198,66.79751576960567
2021-01-24,17.861072580734927,2.2351727097895147,66.2463941132201
2021-01-25,17.375106683426452,3.726898211633622,74.24707661450705
2021-01-26,20.311594268517325,9.469350736734006,65.51894462125212
2021-01-27,16.841827003362816,6.226565408689468,69.19070037980812
2021-01-28,23.298420240737215,0.2925577479180122,69.52699492746244
2021-01-29,22.146218642600452,1.7999345266508164,67.0657558382581
2021-01-30,18.999404197390362,3.005785145385176,63.01318326377903
2021-01-31,16.66044038033929,3.535727560354754,71.78829139513044
2021-02-01,22.941900821986323,3.7880360122299934,70.16329228803409
2021-02-02,20.15097202487776,4.609579480849992,73.26130577794885
2021-02-03,22.999985755623115,3.0852046355069764,68.38070473115656
2021-02-04,17.478162245322437,3.3822401069704022,77.43814161988757
2021-02-05,19.609252688630455,6.449650781475664,67.23213656301678
2021-02-06,20.957754269044003,4.131003091401673,80.45473515930473
2021-02-07,21.17872988868074,1.1664744257057489,63.4313548531612
2021-02-08,20.32033654145019,3.621563503590047,74.6147852916018
2021-02-09,22.600022873596764,3.0123436487746127,75.08579943043665
2021-02-10,19.351054751584623,0.4529429646781482,68.99480588099522
2021-02-11,21.331587212380196,3.763351192814912,75.35466205415064
2021-02-12,21.98502745175325,1.3216906130624504,79.8864657254597
2021-02-13,22.89940534035417,6.515304965126011,62.656961147703015
2021-02-14,23.417813026694247,4.562480982086308,76.50289057848701
2021-02-15,19.867282039142008,1.1036427322256055,61.7667783439851
2021-02-16,19.168212041487877,6.314364878391625,69.6445567483022
2021-02-17,24.909523873436875,8.37621856512535,82.85417228378444
2021-02-18,23.134348900924728,2.728501157329499,72.03053158697082
2021-02-19,21.086085011672516,2.998436533277164,69.29671634752637
2021-02-20,25.796452219884422,5.8956888100546125,74.39860789275535
2021-02-21,23.03430777929347,7.962652921914019,85.94544871223327
2021-02-22,25.268050935695427,0.6197382776845721,66.66050189910541
2021-02-23,23.14864784456698,1.2354385702665833,70.77067220529679
2021-02-24,27.236886439837587,2.3811495302393677,83.71793959604537
2021-02-25,26.72544721791055,2.5995719553238605,85.71804278373693
2021-02-26,22.813777966699934,5.77884828850494,76.10625640586474
2021-02-27,25.349325958253488,7.990223110107473,70.61710460005634
2021-02-28,24.788922814445577,8.391587871605974,87.47555933959636
2021-03-01,26.324902697822726,0.602287117932379,85.14749112426205
2021-03-02,21.74471662613576,1.655508083962549,80.7438620334031
2021-03-03,25.131019971439308,2.025674045284605,73.45582235819776
2021-03-04,25.95752407313281,1.649469922410638,77.43620349467709
2021-03-05,20.402334491749258,4.552514914604661,77.03782652396681
2021-03-06,21.629791671190883,4.952138194257775,79.64687391612276
2021-03-07,19.991673772506157,3.3499430749134946,85.3952834467094
2021-03-08,23.60246621296422,3.110346908421905,82.67964496939369
2021-03-09,25.64479738875827,2.4663344663850157,73.03254536940891
2021-03-10,27.280130939984023,2.708780517807834,85.43331592168163
2021-03-11,24.486561849068803,9.399227163077438,80.24240527652428
2021-03-12,27.655791670561534,5.476116890986783,82.23245013813249
2021-03-13,21.695760957841642,2.5435710127221363,86.24463204493587
2021-03-14,21.103800284241228,3.063885335169905,73.46322907833532
2021-03-15,24.451252868125817,4.628116445236245,78.9455686383058
2021-03-16,25.37942873660162,1.1032866666968988,76.56532292064993
2021-03-17,24.59200988036036,3.7162002194318764,71.47550162626982
2021-03-18,20.56575501843532,5.267084517390496,81.13482832505474
2021-03-19,24.562764472698625,4.800946925597254,92.03979186137052
2021-03-20,22.169544414046864,1.6849679846373766,70.35657810758437
2021-03-21,26.152409800376166,1.9735487218501668,79.46472635018483
2021-03-22,25.577934659714618,0.3896404772934161,82.89219101041571
2021-03-23,22.99373485128515,5.661346848994373,80.36237985616063
2021-03-24,23.871591116200143,12.068412195758214,79.23300963916837
2021-03-25,22.80379505040142,1.4784149493648333,73.34836237112951
2021-03-26,24.816820874393173,7.060643174179008,81.04829185257985
2021-03-27,26.869474602474266,11.377448888613662,76.13456003786395
2021-03-28,23.00179763841047,2.2704688824435326,68.99689093727034
2021-03-29,25.99244724259133,3.067190990281985,85.94166952567994
2021-03-30,23.931984875651953,4.032346227134416,84.77692932400387
2021-03-31,23.41193935527422,4.692606334375495,80.25367492385321
2021-04-01,24.785846677452785,4.193657117985295,81.14518823575231
2021-04-02,22.928681941708632,2.4209132252286674,85.36992323667256
2021-04-03,23.88816419617921,5.2095717393435415,81.11262389763756
2021-04-04,22.593041370672637,2.467180911616324,84.49768208550724
2021-04-05,28.9086218744867,4.404882397658318,78.47093221293859
2021-04-06,25.03711612148516,3.258346510360843,86.49309672795313
2021-04-07,23.551602095021806,0.5313360272294596,81.50603485167737
2021-04-08,25.360528314142588,7.768533760856937,80.83539670337765
2021-04-09,24.68648454055289,2.019757443854306,73.47197583630893
2021-04-10,24.44483670325696,8.29048032122821,81.20833107615536
2021-04-11,26.087814899725153,6.8711420244124595,75.55918841180436
2021-04-12,26.344280939894436,3.943595812220157,76.46711740695719
2021-04-13,23.735134621233843,4.868031476980349,75.51539569132919
2021-04-14,23.608469025034324,5.292220155565109,74.18903635315124
2021-04-15,24.171078571987326,2.8493284205484484,90.06622094766604
2021-04-16,20.075535500769472,2.9578045094681014,86.0154509704233
2021-04-17,21.604323361244386,5.112761799104284,88.87124848200429
2021-04-18,27.320926704762012,3.285260501219047,73.05988124196811
2021-04-19,27.826745393307025,2.4274491239151645,79.42988868216338
2021-04-20,23.985543721008963,1.7095088461883623,72.49969347422297
2021-04-21,25.580725360015744,4.498668697404641,75.3767484818231
2021-04-22,24.991313772041387,1.9628821018534535,74.14699200882575
2021-04-23,30.46500092729027,6.092639588018653,84.8123986529674
2021-04-24,26.482057044800086,6.449604320650876,76.50466605335308
2021-04-25,23.92000107763241,4.841368787433806,83.69356918965796
2021-04-26,22.194965419741308,5.577905860936648,81.23269704982691
2021-04-27,20.820665382731697,4.85161778621106,89.58530980701762
2021-04-28,24.36532017908354,5.856507880573295,70.51956469899957
2021-04-29,22.367871735726325,5.684832813295384,84.05731265152384
2021-04-30,20.955614620540008,4.325603323727124,83.33244843147435
2021-05-01,22.423917418608163,6.930249944096005,72.56723218405126
2021-05-02,21.46832527327032,2.9297746720907516,82.29850924336402
2021-05-03,26.917504967643403,1.75620699815744,78.76716821012768
2021-05-04,25.21577008742954,1.6773833244762846,75.76759984729424
2021-05-05,23.343309511553134,2.599731117097954,72.59883215351275
2021-05-06,26.22343026501915,0.4449609905593561,72.93153671723226
2021-05-07,23.3201171297544,3.9149415582782265,86.57982150784797
2021-05-08,21.34223106055292,5.341674212281417,76.13301302120631
2021-05-09,26.008076792365472,6.387442435140649,79.83430728330961
2021-05-10,23.934318638156466,0.6670986320546212,71.75850019323654
2021-05-11,20.6743481050175,1.7263599091730186,71.59841609623264
2021-05-12,22.25820877173821,5.966459332905487,80.68769630206056
2021-05-13,20.775431768550572,2.8575042996397197,68.3054554928825
2021-05-14,19.64662064655729,5.257866776710884,72.74837137744557
2021-05-15,24.14793063592817,1.0482216158281537,74.76128813709094
2021-05-16,25.995602417699885,8.22534036837348,74.9104012827195
2021-05-17,19.25870095343349,0.9673390442110235,73.21620577706275
2021-05-18,23.058750742250915,3.8309211442281166,75.84472344321917
2021-05-19,20.50644895652651,3.9045051215428024,77.07974696862938
2021-05-20,20.706387874605948,2.2182533292744306,77.03446501156732
2021-05-21,20.36677572361311,4.72076376203601,68.17410810084256
2021-05-22,19.692565593006,4.816195234451756,71.42031877508728
2021-05-23,21.384671401848003,4.452674421716457,78.5490706013014
2021-05-24,19.49094576681121,2.184326003196199,76.77892793713593
2021-05-25,21.5571542838089,1.8421046998428874,65.16818400709312
2021-05-26,20.77737630402646,2.384311574829385,73.51310454761048
2021-05-27,20.259826585310435,1.6288535126767116,61.58431911121245
2021-05-28,18.78076530001857,7.146462624528196,71.42645975850537
2021-05-29,19.298861724269845,2.5563666823136098,80.3936438545429
2021-05-30,21.81808293327085,3.7503045112469686,65.87513737689375
2021-05-31,21.1624582854073,5.9498158836495,66.14963259285916
2021-06-01,18.05730764486065,1.5582786721050403,73.8449851767798
2021-06-02,20.061391681945356,0.9260097185208643,62.011446566125585
2021-06-03,21.21436932348221,1.6339239470168678,66.25941500405207
2021-06-04,16.22025637284186,4.058261303479881,72.10033955807796
2021-06-05,20.491908228264826,3.8585813219572738,65.63894644856289
2021-06-06,17.924755881803854,4.446566869406018,67.32015686333622
2021-06-07,20.23475692534253,3.0738559629980395,71.90804772788759
2021-06-08,17.409384453479635,0.16925452745504127,69.97953595081214
2021-06-09,15.167315450710618,2.9985077020609596,68.88825128555632
2021-06-10,15.362052431531346,6.4989321557357815,65.53866321824515
2021-06-11,18.552293020030096,7.65206505775894,68.76255182975945
2021-06-12,18.81352982568827,3.567526345475136,65.96950624399183
2021-06-13,16.32243715914946,3.869196743103945,68.55116886834547
2021-06-14,19.24431311028965,5.1894271075156855,63.44959625987992
2021-06-15,14.479266627454246,7.508089075482434,64.69176863208662
2021-06-16,17.504495329985446,3.3346967030748695,60.3235208918001
2021-06-17,15.048189405284457,5.139077330830165,64.76540555958756
2021-06-18,15.999384486701807,2.104339680893792,60.55110908646802
2021-06-19,17.23000649703078,1.0705217804677403,58.70018605798593
2021-06-20,15.245902167367872,2.294664477469697,65.22676353514849
2021-06-21,16.028554768795974,8.665846792291951,64.65903059379954
2021-06-22,18.64065574781405,5.21178099244395,67.1705089335132
2021-06-23,15.304208230152444,1.172759545608358,60.76035609052199
2021-06-24,17.95886599865609,5.381497217551892,64.6152277832354
2021-06-25,13.857176361901711,1.2610718847149511,64.98716800380221
2021-06-26,17.004975854002566,4.402734654016988,64.11460403550198
2021-06-27,18.65700203365043,1.5045959906194868,57.41946117065854
2021-06-28,10.658843773403355,1.1088718202113277,61.951082958671805
2021-06-29,13.836431819104359,9.627941534100348,62.681146140363936
2021-06-30,16.412328656632404,2.554801291585549,60.55226113908236
2021-07-01,14.6799791968009,5.145905417229823,49.739751645918346
2021-07-02,15.65622177785574,3.4401063736847193,60.63030818209364
2021-07-03,13.533845224297043,1.3575280259311022,70.54628639244358
2021-07-04,14.742957244900495,2.7772440631992144,57.33935899612448
2021-07-05,14.086512755557916,1.3686777137222055,55.15534896340755
2021-07-06,16.561699330984993,14.248915851366796,60.31901321388775
2021-07-07,14.56347418843045,5.7972891462300105,59.67115605598891
2021-07-08,14.558615252933462,3.3916771473039886,63.73049568464819
2021-07-09,12.888764293229247,4.954945328210606,51.13569567140393
2021-07-10,12.566795582656262,5.542626776906635,60.74091732447746
2021-07-11,12.506813494975592,5.552795956710106,59.69597004748699
2021-07-12,13.99123842750098,5.389960808547667,55.693935600786034
2021-07-13,12.191302140423705,5.106780011538774,57.75997879373691
2021-07-14,13.444340559394865,3.6033022592616133,60.87686909919586
2021-07-15,16.84774489498476,9.145790247576441,59.755463495530016
2021-07-16,14.27202760205404,3.7770980472407496,49.34445983001267
2021-07-17,11.711298008384244,3.466458747696599,58.82748107921728
2021-07-18,14.60012109233573,3.801229989546193,54.07194347085309
2021-07-19,11.216721061222003,4.003726255142518,54.43011410460779
2021-07-20,7.792680520286023,0.6729957949050629,54.10384413629193
2021-07-21,9.689742555919892,1.619138270943448,52.6606154115181
2021-07-22,7.802293031240963,3.0737752216525567,59.04629123212067
2021-07-23,10.679835724619718,0.6361161135135212,52.347135586158615
2021-07-24,11.259757106339453,3.3875533672859834,46.848110054004856
2021-07-25,14.416971857985903,3.965186963342143,50.16054518702203
2021-07-26,11.560295159372103,1.023457055663171,52.70635440773994
2021-07-27,10.311795542686745,1.9817272862806345,57.6460671220942
2021-07-28,12.253623318862033,7.858390846755223,54.20509773773427
2021-07-29,6.01866244689965,4.990583960491958,46.62918973609562
2021-07-30,10.75963403947849,4.79231556966996,63.00275942991718
2021-07-31,11.679003316687034,7.228852727288566,51.5984224127161
2021-08-01,7.030409373982566,1.6474451251861382,56.352117421079576
2021-08-02,12.126884176255327,1.026499987549131,48.920180011796795
2021-08-03,10.369692333369496,6.587731276224012,52.052195260288585
2021-08-04,8.71701978679189,3.1410492001686703,53.29253375177901
2021-08-05,10.669671108110812,1.6085580416656597,54.899188310567766
2021-08-06,13.803663036565544,0.6670092679442804,53.81139616880463
2021-08-07,9.485879987192263,3.8334459447891023,52.60527995451544
2021-08-08,9.480200540351454,2.8663374163244684,46.39208507953102
2021-08-09,7.928432201286247,2.492970952673866,44.83557779095317
2021-08-10,7.012683115112073,0.2629940988328842,49.0877812597043
2021-08-11,10.240124500722846,9.06714348234335,51.82454609697406
2021-08-12,6.736268776091423,0.8427953819309163,45.78326935193528
2021-08-13,8.462493832303451,2.691154417048065,51.964582544301265
2021-08-14,7.236951011699609,2.3433249445399866,53.64761553789058
2021-08-15,9.025147382623006,5.095598974221675,41.55277086689335
2021-08-16,8.611488109502117,0.675468815687768,41.70372427887504
2021-08-17,9.898310751756181,4.674724817351769,44.944586431954086
2021-08-18,6.684391661425638,3.8475365680087443,46.94691225921625
2021-08-19,7.048030020927299,1.8996047526804716,42.55272471419283
2021-08-20,5.515804293115305,4.558321577081269,51.70767684369556
2021-08-21,6.472527351942356,3.3830175097590005,46.842562051781414
2021-08-22,8.005760572419295,10.499644793739025,44.699554413862884
2021-08-23,8.65747868250356,2.864318839013003,37.10745527908308
2021-08-24,5.193840713818597,1.4234715164984668,37.49726364221016
2021-08-25,8.67441237700188,4.707908632007749,45.275447324990154
2021-08-26,9.545895203150742,2.5885974407998398,33.006260840307505
2021-08-27,7.563327819208309,3.3315040847207262,48.53610307374217
2021-08-28,10.394336830929769,1.0349655919314913,42.49072118976567
2021-08-29,4.999931028262231,5.1504865097451304,59.310483700912414
2021-08-30,3.967468895878898,2.2610240967408695,54.45313785808402
2021-08-31,2.811138221692333,4.068033884650543,41.8299120927642
2021-09-01,9.275025435885146,12.225174893923642,42.034188613156985
2021-09-02,7.508609272972761,2.7353319430977376,47.37766349053943
2021-09-03,6.00825743188416,5.6476913312978985,50.75471659700033
2021-09-04,6.6015443452905505,2.8869678311393967,33.89306889812174
2021-09-05,3.7154638821564014,1.9220711679983513,33.001006626732874
2021-09-06,10.785457658291492,8.04117988751995,38.67773337034377
2021-09-07,6.082606103356521,0.4634710298174779,44.56201539468146
2021-09-08,5.975882367278853,6.670125675496156,43.99855350867612
2021-09-09,7.144293937417592,0.3953445338394307,46.73437865415967
2021-09-10,6.593205000519114,6.20996764209987,35.26388543226483
2021-09-11,6.020156614654056,3.3703222165010747,29.5640578173472
2021-09-12,3.9354352889876614,1.4271306980654273,45.3228393762673
2021-09-13,6.406126747967538,2.388953086373753,36.78539870256492
2021-09-14,9.176870823077108,5.437970916829839,30.73320433831089
2021-09-15,8.056134606668467,11.483681776527911,41.45590775851393
2021-09-16,8.506995423038152,0.7061027739016822,44.60712278061211
2021-09-17,4.256386680847018,1.5095658309098163,39.94735040681239
2021-09-18,3.260684853159159,0.9432171972482295,38.190547056440195
2021-09-19,4.9522892433458034,2.8684828203290462,39.61091500636067
2021-09-20,5.2821843047775685,6.324236345042485,38.48855514839645
2021-09-21,7.328901537303592,0.815005989018,33.54080144102255
2021-09-22,1.7282948382469576,3.302217131283209,36.653044810401035
2021-09-23,8.147959998986682,6.18767269359247,42.784118245199984
2021-09-24,4.751415710167878,2.360683885167278,41.74325572153421
2021-09-25,4.195184749098184,3.8738539655524904,40.938192807820144
2021-09-26,3.0092022319379645,7.650499154856307,35.0910795556497
2021-09-27,1.7111150476145403,1.262157479512149,39.134140972013824
2021-09-28,6.657544012073492,0.5271304546737136,29.137080456085055
2021-09-29,5.1511731275032355,4.228663008686314,40.9014577056798
2021-09-30,2.420911613970514,4.314027503824651,47.14595536597308
2021-10-01,2.409935058510866,2.226939191054343,32.629524545065664
2021-10-02,4.330745581620835,1.875348308685486,37.07499159381341
2021-10-03,8.345542938181952,3.4222943734875595,41.66053366875698
2021-10-04,4.496463085717147,1.2404017912450325,46.29550474902613
2021-10-05,2.0204643626822323,1.2423006862240136,37.812377456336144
2021-10-06,4.54932391035632,5.413157807048115,36.620368430726934
2021-10-07,4.512373791565141,1.1599885711749638,30.27102615004055
2021-10-08,-0.31599538006246863,0.5679958517605974,40.672746458181884
2021-10-09,4.9920853160908445,1.8720833098482714,50.41173029897166
2021-10-10,4.664636515642779,2.272280705589322,41.63980346194364
2021-10-11,6.547674562105914,4.6743632429936035,40.19912876903959
2021-10-12,8.884847487174596,2.016341034546584,41.98428214840274
2021-10-13,7.474646644038945,8.519746193926212,40.38757315014385
2021-10-14,4.721218067166131,3.5585122546091714,36.45291903525093
2021-10-15,3.0863089640015877,1.6516318696264156,44.71512114135838
2021-10-16,10.48932022995117,4.5345401436010775,41.81400886246167
2021-10-17,5.507139029305965,8.419881643920798,40.865470582222265
2021-10-18,5.465510317906832,5.31063519311773,35.998473331770626
2021-10-19,5.441184662828455,0.7637189966198391,47.49640933377072
2021-10-20,5.940205647264281,2.436964899206213,44.411585978122694
2021-10-21,5.3127185967331565,4.02197959635031,38.438274654325575
2021-10-22,4.514303698010268,5.1581089612556115,46.33237969195117
2021-10-23,4.630865281727252,2.8823429263938434,38.96131213649004
2021-10-24,5.724780582401653,2.5720329624267095,37.67055678311212
2021-10-25,4.771870575879124,10.449033851481058,37.918924648891874
2021-10-26,4.504170306619317,5.365323114290633,33.00438097850684
2021-10-27,6.216551758861362,4.544654806316365,44.36509450904616
2021-10-28,5.570232100562804,2.0896199512763585,33.00464867911728
2021-10-29,9.167310877731731,1.2232385871284177,36.176430644803894
2021-10-30,0.9391433317715503,4.60176589737933,32.10422585172249
2021-10-31,8.508450156548957,5.776150853640308,42.2205244414536
2021-11-01,8.904530802237227,3.318905341742913,42.07311853312458
2021-11-02,2.355048619908418,5.3753204528302385,41.37017710351762
2021-11-03,5.9084407554945235,5.471025802159212,37.97474341395756
2021-11-04,5.945412004350336,6.041480579865322,37.515418705500636
2021-11-05,3.970211077540212,0.7495061912702228,45.89231825168458
2021-11-06,5.328976034744642,2.493856523169425,41.016459161310344
2021-11-07,4.765237427321576,4.800358321290678,45.55456984418719
2021-11-08,10.59508431927947,3.463507129553185,39.754843434243334
2021-11-09,9.06839827558716,5.482856504373367,45.29939669243989
2021-11-10,9.848961921148941,4.542706879499245,51.12809364890156
2021-11-11,8.860286043300842,0.2917795131815726,47.76471283239266
2021-11-12,5.272175580599983,7.044443495621636,42.99848915498648
2021-11-13,6.596789237800587,2.243537709324745,46.5776543924999
2021-11-14,8.74230873949671,1.5650607237283816,44.32379336143069
2021-11-15,5.439178159398358,6.8873793222045805,45.80626847783814
2021-11-16,9.431413589828297,5.193710923761968,44.38277819822452
2021-11-17,7.648821531447059,7.543903236151614,45.43726862609971
2021-11-18,7.505922196571346,4.054403620123017,47.57159438871196
2021-11-19,9.805573753984191,2.467884920263619,41.80051413724466
2021-11-20,9.402231012622252,3.7174367539583897,41.94801464435045
2021-11-21,7.923744659460063,1.3193280540038552,40.34864121304039
2021-11-22,11.098192122319816,0.9185553406777388,39.55770950866409
2021-11-23,6.753104643648933,1.9582670358563425,41.74404913659506
2021-11-24,10.28460434428088,9.06862281512198,48.90277879480535
2021-11-25,10.378199781398752,2.1324629206549224,43.92005695346455
2021-11-26,8.713889558460831,0.5827628511006576,51.23403719533311
2021-11-27,10.127912912808025,2.946791393966711,49.124862480410386
2021-11-28,7.117721131846407,2.108616977340875,39.39737550204376
2021-11-29,11.613897964758303,7.130882360140575,52.80656577379745
2021-11-30,9.543486288592963,8.64648893795019,53.88057435091643
2021-12-01,9.016798457362128,2.3756842047166122,45.155175622626146
2021-12-02,12.3106800505159,4.051550407992279,52.5262809121592
2021-12-03,8.955809909885975,4.302114614166582,46.44650339489699
2021-12-04,7.700783989868773,3.209284928205047,51.52376504893346
2021-12-05,7.558985727447858,2.773129139078611,45.021996114216506
2021-12-06,12.040083876568115,1.4711461095080134,42.690595685080794
2021-12-07,8.424261402947703,0.4777180385964778,50.05615426781569
2021-12-08,14.652954301532652,1.4632610032416327,51.66808714375367
2021-12-09,7.13889575532583,3.122505355083242,50.617110674113526
2021-12-10,14.85615151481636,0.8165521038748204,47.00632476535977
2021-12-11,12.0468059384641,3.897646005453357,51.25004669746205
2021-12-12,11.59387715933556,3.515604532354284,54.92108052905636
2021-12-13,10.860949579819213,2.1116764746424956,53.67711035626154
2021-12-14,12.913447899898049,2.679970261892569,55.14285649538388
2021-12-15,12.20514901980924,0.977833280729296,51.21026084704671
2021-12-16,14.653070812871176,5.967439820472345,60.75152367125707
2021-12-17,12.841727637264576,5.897910573692637,49.34567799710709
2021-12-18,13.081388392882094,1.1606666955451852,57.999371225350274
2021-12-19,12.221730576886085,1.1938443027955343,61.807365467427395
2021-12-20,13.003841654125424,1.4812424938148376,58.64000626687959
2021-12-21,13.902672095969338,4.969612937711723,55.561515981046284
2021-12-22,10.036575008043927,4.292331829579904,54.27233835339946
2021-12-23,10.93084143465591,6.834659537933149,62.43486281296595
2021-12-24,15.284447739051899,7.356962231101129,50.480964475704575
2021-12-25,14.310713901781527,0.7369422523438828,53.08734474915307
2021-12-26,13.772385339920163,4.845241979680965,56.29291519779243
2021-12-27,14.348843598107585,7.160736493350659,64.8122202515136
2021-12-28,15.178966738490798,2.543015343029592,60.86644483573939
2021-12-29,13.576264523153807,3.2728909941981006,54.47133897499384
2021-12-30,13.27125698763701,2.9031147305182743,58.10419434995875
2021-12-31,15.391690510195376,3.0052655222766385,56.92838427951855
2022-01-01,13.215388006328272,5.95342179866024,56.795322161948995
2022-01-02,16.160721627656386,10.198723851314876,65.58288002523878
2022-01-03,12.111029463756836,8.323778786984345,54.17367769814751
2022-01-04,17.746335542674494,2.196012838344628,69.41995281471829
2022-01-05,16.804842952200556,4.060987665009615,65.86044442567206
2022-01-06,16.54307644310208,1.691559942105784,67.51634230196714
2022-01-07,18.167462416884565,1.849368555669787,60.089463337860785
2022-01-08,19.703736610057806,3.162870954206816,61.99587184686976
2022-01-09,18.571828336679072,1.8057506416238553,55.92041734066206
2022-01-10,13.031182979151481,2.0487520179707985,60.802550848295525
2022-01-11,14.323113164961047,3.9904700696516344,66.23280843508066
2022-01-12,15.801407843294836,4.797130195892016,70.58240530627937
2022-01-13,17.271397230463318,4.706595619004772,58.90264617607105
2022-01-14,18.42204570099774,4.739972583006761,62.94592563519265
2022-01-15,16.10204532485494,1.0501283603349718,64.35056980116114
2022-01-16,18.093115104295208,1.7254253806126438,58.46021713971968
2022-01-17,16.374058464099438,3.4322510558190054,68.72639486640416
2022-01-18,16.826176640579,6.942150475902288,62.47847283441274
2022-01-19,15.399374423227199,13.91999163359917,65.44844147796216
2022-01-20,16.52876250371932,4.180935840343829,64.49071113232287
2022-01-21,15.833392010531037,5.565057122303549,63.12682991492904
2022-01-22,16.745498922952066,0.9340191777603856,67.35926593041069
2022-01-23,20.96391765565175,5.461621573413316,66.63522023203201
2022-01-24,17.116082114395837,11.578616911752613,66.17047037272611
2022-01-25,24.436700155797936,1.719821088720788,64.7015639438446
2022-01-26,20.314391727266088,2.1062017949991323,70.25313520492341
2022-01-27,19.85196566479385,6.0818168197687905,77.23267317726963
2022-01-28,17.91878714866607,3.3993166068605274,69.97044158225263
2022-01-29,21.187958159975867,0.42761753311487843,74.55526787687141
2022-01-30,18.78647984912422,2.215328796117812,62.92440137743222
2022-01-31,20.330729067811756,8.622785427552934,70.96222607351092
2022-02-01,25.354325150193077,2.6636887475333335,64.98147055245565
2022-02-02,20.187931915933692,2.6619165344799858,63.375478793106474
2022-02-03,22.82289978424754,5.81885261456666,67.3518492260572
2022-02-04,19.260664712659388,4.29068810976069,77.29353179789018
2022-02-05,20.73802575354407,2.5489889965012797,76.36608461242422
2022-02-06,24.48886814087866,1.98926669554623,73.10955734948729
2022-02-07,19.830834585575715,18.217629057228912,64.50603460285284
2022-02-08,24.845364600402515,7.690540971596648,71.45953171187763
2022-02-09,22.769826879812733,4.738722546508249,74.21714606231225
2022-02-10,20.361362058561284,4.955435274641418,73.85027236859263
2022-02-11,22.881161660533827,3.0197910493999873,64.01372444744185
2022-02-12,23.689545087582896,4.253607095035651,69.03728313655952
2022-02-13,23.114147596671067,2.774502195870826,73.42066652372976
2022-02-14,18.85413383073556,1.582861138883663,76.67062108861889
2022-02-15,20.66229187116801,4.375042832567354,63.25249334013576
2022-02-16,21.74140311185611,2.5875686847913544,73.66226088851894
2022-02-17,22.205303371439765,4.539919420466623,75.42358430867448
2022-02-18,23.71106507206691,5.158549516961956,79.18750169651217
2022-02-19,22.938460086652128,4.7118939437695495,78.63040409075842
2022-02-20,20.023459551419183,1.4679335286188275,78.3011531317228
2022-02-21,23.56335421271968,2.3676553603206085,71.60621448790583
2022-02-22,24.130628058135414,2.6279921245333133,66.27890244951901
2022-02-23,24.13319177760884,6.54100810571754,74.06195797818651
2022-02-24,25.276952041182852,6.311599283727383,81.23894030619002
2022-02-25,24.88260984212195,1.8163754591193242,83.39680370367044
2022-02-26,24.230066422114948,1.0254088205889649,80.17615803880507
2022-02-27,23.26585263342748,14.34502887862184,78.95907222669821
2022-02-28,20.176249048243296,4.580857037628936,78.8945400724804
2022-03-01,24.446876021023197,0.8915476020632509,74.39468543171216
2022-03-02,24.08993892162218,2.077403255364287,76.69882562682382
2022-03-03,24.30207472583318,6.7271537806243975,85.86318173201651
2022-03-04,21.287177947793012,12.15604655943013,72.96856016990789
2022-03-05,21.757700383778957,10.873603026913269,85.91352088274022
2022-03-06,26.102614403188234,4.443905771465318,76.38247662058455
2022-03-07,23.991027820313047,3.3420564521271823,84.7674368015281
2022-03-08,25.504281276598586,1.3409857063505402,71.24848471621898
2022-03-09,24.26634962942726,3.5595075909829705,81.34894676015593
2022-03-10,24.33492911478345,1.5148063750211953,74.8669829918458
2022-03-11,26.214939900181246,2.3867525430291425,71.60040861683757
2022-03-12,23.366471122984205,6.077435289306556,79.88979137089264
2022-03-13,24.648205428153386,2.763502463773753,83.95928669152268
2022-03-14,23.586014585541456,2.617898094867077,74.79642313293559
2022-03-15,23.693355811054428,3.2053786446392345,71.6296167295461
2022-03-16,23.992953591785724,15.712086293330122,78.76337185577124
2022-03-17,25.10166691981597,1.2076713903381484,78.87762210921117
2022-03-18,23.743141975188117,4.111706101136396,82.14287657480264
2022-03-19,27.25251680287125,10.247977038186683,84.22998196027085
2022-03-20,22.989268810617563,3.198048998867798,79.25989092375067
2022-03-21,24.439321414393373,7.595761050795355,88.90364597940349
2022-03-22,23.965276050972573,0.9555863343554187,80.8106500577183
2022-03-23,27.76745019264733,2.836227157067418,78.01485631784522
2022-03-24,25.292434503896676,1.6649689009787392,71.74081310623292
2022-03-25,26.985911173116595,3.17198912622163,78.53114658677781
2022-03-26,21.971058322865577,3.2239818936263456,78.20242341082337
2022-03-27,25.493290493210306,3.485403023793996,84.71990390435094
2022-03-28,26.75251132232843,6.0389046177367005,82.25891758249738
2022-03-29,25.14892219010649,0.24670548685841454,74.07186281494819
2022-03-30,27.123460862527537,1.9994166705937393,80.84627215684885
2022-03-31,23.963108119598164,3.909167191003397,83.35302589824309
2022-04-01,27.818602277733063,0.45656701922514487,87.63997159166297
2022-04-02,29.59696283378588,5.203105178757602,84.43585301016505
2022-04-03,24.269785685994254,1.9671876958331918,83.79515888530455
2022-04-04,24.09779211304879,2.8792301430289426,80.27802428477649
2022-04-05,27.885940562889324,6.2274539679618055,81.89990324442509
2022-04-06,28.125733309003124,7.827473948133474,86.1807025386142
2022-04-07,23.905333056700442,5.314411403784583,73.23821923461571
2022-04-08,24.09219485848243,1.174236689749291,78.1179403492635
2022-04-09,24.347571422213534,5.130769267475105,75.95943753608789
2022-04-10,22.197874880254854,5.373896185594697,81.66931739827743
2022-04-11,23.02217760666991,4.65891626737076,85.87007387753056
2022-04-12,22.820983986295687,8.682234359043443,76.67365960599427
2022-04-13,23.260541786246645,3.554491156080481,67.64075199556261
2022-04-14,24.69073573155012,8.462385598470686,77.45910728752501
2022-04-15,25.189611431363655,8.428367508278141,84.00973259266826
2022-04-16,27.780378815868794,5.479528660343923,82.04690517523068
2022-04-17,22.637997404163908,4.15922287931386,81.41034221033586
2022-04-18,26.55582296682614,4.677999806861676,77.77438983037354
2022-04-19,24.10883227785344,9.931049056940743,72.67846625150999
2022-04-20,24.384688380816847,6.936110171334477,81.54370320836576
2022-04-21,25.77725041823741,1.31494514076977,74.68381381763528
2022-04-22,22.123369419829725,4.469955882135942,89.65811059281093
2022-04-23,25.072058802747893,1.5887972555722492,81.46701466253216
2022-04-24,24.57581163835704,1.9172172988182554,75.58257293109212
2022-04-25,25.160738788610235,2.4652847032485874,75.29474628424474
2022-04-26,24.684383588757807,0.8619243681509164,77.74737156881639
2022-04-27,28.94415830306863,1.4959454856774737,76.86960643638493
2022-04-28,22.682912938846453,8.996137543336426,83.50095469234795
2022-04-29,22.8185793162913,1.9069753768252367,78.6932273013101
2022-04-30,22.55384098688583,6.062319652556185,73.94208538492808
2022-05-01,22.606108948772707,3.796997585168655,86.88632979996535
2022-05-02,22.35664702588608,4.975596263271648,77.50938421859934
2022-05-03,25.921254759713378,5.125380236499199,80.93064177484104
2022-05-04,26.29349906951034,1.4353474038487237,73.86384860983745
2022-05-05,22.217762206687418,6.0379197950590315,78.53408772709535
2022-05-06,21.59883084103064,1.0562838765037108,78.08263393019416
2022-05-07,24.108211627231974,1.8385274126992823,66.88251456843757
2022-05-08,21.960353374647504,5.0732688886386965,86.2059744787221
2022-05-09,24.22769227333718,1.3485153330260768,82.37687958026505
2022-05-10,23.262344592489747,0.40002386838510745,73.72702052084436
2022-05-11,19.71735218367595,4.320082000344836,69.98633212506155
2022-05-12,25.733896530565552,0.7055880258732935,77.01558032482862
2022-05-13,26.11842362151113,5.4123355667267,75.48682504771216
2022-05-14,21.186642727517192,2.6126950976582224,76.60278495978808
2022-05-15,21.520172420992907,4.275450283978665,75.54903806270019
2022-05-16,22.748499918209433,4.218094098553303,76.88474322004888
2022-05-17,22.724749681045836,5.6940421315744265,81.34820069910262
2022-05-18,23.24990081421545,5.177982019750073,76.7061405633828
2022-05-19,25.828143172302866,1.3370677556164308,68.36719069499063
2022-05-20,21.326744187147245,2.7420027759963634,80.17409154783294
2022-05-21,19.954969083013957,4.271799560477618,81.30619996162316
2022-05-22,18.661908676336598,8.563245718502797,88.60137793729173
2022-05-23,19.8257680660745,5.2113039536399635,66.95778612571868
2022-05-24,21.086592053885692,8.076664229410794,73.52010206501795
2022-05-25,24.605356359284816,4.43513656269856,61.62198774855355
2022-05-26,19.842629924852375,7.0182311251589375,74.52145082774548
2022-05-27,21.185298582321042,4.019370982713849,68.73444386725262
2022-05-28,20.563046831956274,6.825374043003873,80.80901422232833
2022-05-29,22.829190932302694,2.5058236517948744,67.03173392072016
2022-05-30,25.361165333366568,9.218818791971149,62.16868577340234
2022-05-31,19.09888636431788,4.797719391664645,67.96492911680446
2022-06-01,19.033539249421313,0.868502194516571,60.14739741282983
2022-06-02,21.951048825225065,4.375561695397079,73.48095141471039
2022-06-03,21.075378055991255,5.223270646908981,59.09777492219566
2022-06-04,23.252481586556655,6.181217068450802,69.26042177608497
2022-06-05,20.573044214156884,11.352941190601554,58.421316587728924
2022-06-06,18.531419218121414,2.1905984338903446,66.89851777670786
2022-06-07,20.27486924954083,11.402283252261377,76.40400995533508
2022-06-08,21.15330992773049,3.3428846252362683,69.67504499030832
2022-06-09,20.418044014434386,1.7602834758414687,63.23669127925465
2022-06-10,19.631685369512265,2.230735300621118,67.07825716989993
2022-06-11,20.589472505885645,5.008141431695071,67.0023306136369
2022-06-12,20.632676003136655,1.538634865692077,68.95132137370764
2022-06-13,20.895388391433336,2.5407297323141362,59.42784900231243
2022-06-14,19.26454796791419,4.297677956330684,68.89709275470646
2022-06-15,17.46807059135846,9.171826605114001,52.082655345970466
2022-06-16,17.93008230014673,6.06020690418357,62.123887092741114
2022-06-17,19.88323973782607,3.4469548032616792,62.499074397360985
2022-06-18,15.669185360331653,4.992099490162448,67.77274753496845
2022-06-19,17.872555772143773,3.9960544402706097,64.38357257218028
2022-06-20,16.180051273281055,1.1571549214590777,56.90564252659012
2022-06-21,16.855155503125257,10.230818675508198,58.67036608542617
2022-06-22,19.18497385459977,9.267775446398982,64.24954030650738
2022-06-23,16.840190105238566,3.1460238335472486,62.52064722907473
2022-06-24,16.380354870838122,2.297864516850008,59.67934300087292
2022-06-25,13.396877789257113,1.1833659256310134,59.829011194874006
2022-06-26,17.437874630226446,5.213534498843368,65.37157498214046
2022-06-27,17.0648331546168,5.237291693660868,58.95926672032323
2022-06-28,19.928642220268838,1.6580262222019946,60.76380932717047
2022-06-29,14.814665860139312,4.030662601759686,71.71012760049334
2022-06-30,15.696485057599222,5.9317712999671715,53.39795562012307
2022-07-01,15.584837336308416,2.169814747249309,50.91292627990052
2022-07-02,18.068836590640057,2.8513564229132533,63.745808386219245
2022-07-03,14.551224532954762,2.8295580808330243,56.09041588898682
2022-07-04,15.127820721495393,1.7533861282527763,57.54836770119633
2022-07-05,15.613660245775174,2.8974201878535446,54.88995256202862
2022-07-06,14.599353453978079,0.7205346408076118,57.15326971149317
2022-07-07,13.16176527272695,2.7146674359361422,66.10195556413773
2022-07-08,14.271589914579675,2.7478621601524096,61.77746215065672
2022-07-09,15.859781725193729,3.176388546715,61.73615401038325
2022-07-10,11.488977431979132,4.730812162173785,50.00288078263928
2022-07-11,13.637869218908587,1.0918663913734263,50.98809105846532
2022-07-12,11.802092512866041,1.3017673079954621,42.20927498806164
2022-07-13,15.423364359913919,1.7142803323742903,52.019638098714694
2022-07-14,9.818417036034491,0.9817879726116548,60.513097623132374
2022-07-15,11.579099603150707,5.117820929835725,57.978619174129626
2022-07-16,13.284201945319698,2.0912822264108257,53.95199007562069
2022-07-17,15.494393131188607,3.252814909087135,54.61518872684959
2022-07-18,12.06619272586187,1.5875455379521788,50.95095878313866
2022-07-19,10.922472753878711,2.488327092890003,55.08953802653914
2022-07-20,15.631243729522897,4.172799304779135,57.567250578686505
2022-07-21,8.809887376922198,4.320542331883738,45.33239641845701
2022-07-22,7.146264960052497,1.354880974492388,54.585992185772064
2022-07-23,12.26289159280902,3.1295265122600426,57.42789974017804
2022-07-24,10.218811899255131,1.6118753164804709,50.37033925110386
2022-07-25,9.021631599173915,3.0408432084167853,55.6316975274736
2022-07-26,12.323153306442503,1.946889075301682,65.88615304605035
2022-07-27,11.237598027846875,10.656932352500336,50.97827923567449
2022-07-28,9.466654895021584,5.908323602615683,53.15615956301669
2022-07-29,7.8803242675736165,4.457001760607068,47.191580711523855
2022-07-30,12.03331957982165,2.6638655948751624,51.483065659532976
2022-07-31,11.437675284830425,6.026354713013869,52.57590398273772
2022-08-01,9.789230137983486,3.199848183933101,50.9493754324352
2022-08-02,13.532650081936817,9.953241686332328,44.58027558113869
2022-08-03,7.5525299857283805,6.442888170120351,50.41720789338862
2022-08-04,6.496545272744005,2.473743066414869,56.406170922775146
2022-08-05,8.02029123613574,9.216150313151934,51.051393574369094
2022-08-06,9.171105288245759,2.6747541636348138,53.33449058727272
2022-08-07,9.608826375720657,11.063078858478573,47.059235104087406
2022-08-08,8.501287252038125,9.540680132823123,51.717019932620126
2022-08-09,9.551264793395331,4.156377432048826,49.0906471918161
2022-08-10,6.209293005660786,0.7506822798056328,42.67019005964719
2022-08-11,11.466982075780876,3.924957679847499,48.75151075926309
2022-08-12,8.28413407112401,1.227016574853511,41.93838953861674
2022-08-13,10.553953021040924,1.9972597220908626,43.47432134130538
2022-08-14,8.877716597985252,2.1261024266624013,47.33117334692156
2022-08-15,8.980694169437804,1.2170175935642433,47.620596829161094
2022-08-16,9.083698459392643,3.9358100078089797,39.942165472470826
2022-08-17,8.718647983275028,1.8020488703769304,50.916390582395174
2022-08-18,8.989869978870233,2.7728461452691953,48.26888030977266
2022-08-19,10.246084951778904,2.141268630733569,41.65191760497367
2022-08-20,7.86637406408286,4.745289036581225,37.25873946711396
2022-08-21,8.779121387271605,4.503573841832339,43.99770484878201
2022-08-22,7.071688197755128,2.6000659773456443,42.27260060335336
2022-08-23,10.023735880111794,4.913689393118699,44.85270518369081
2022-08-24,5.685386758055319,7.619982740118222,42.26075941856988
2022-08-25,10.537081402612204,0.32685441909948953,33.833116769856105
2022-08-26,6.754303584252154,2.040244199928276,41.72750427957589
2022-08-27,3.874907808524813,1.4528529338714042,41.944820470180254
2022-08-28,6.896954035635216,1.8893342579569399,46.44979553549757
2022-08-29,5.1854061115195975,0.25066723973886595,39.604020479883474
2022-08-30,8.138065400479173,0.3087128758376669,51.30692997186628
2022-08-31,5.063330760896101,2.2023618131388756,33.17895468574298
2022-09-01,5.390569946477222,2.150829695905979,49.12171111482669
2022-09-02,2.4207964983735835,8.356535951228114,41.278161066138765
2022-09-03,5.214814135206919,3.711521810627243,46.53677790912793
2022-09-04,1.1938484393930038,4.825435925094262,42.4822216055955
2022-09-05,2.7986363297817167,27.220465369030773,47.63066163363367
2022-09-06,7.414783011346429,10.063894118362995,39.85109757535161
2022-09-07,7.3957640567077245,3.2171967217944504,36.15522535292306
2022-09-08,6.608007901638997,2.3535632204765835,48.61670699249345
2022-09-09,3.758808403361782,2.0678875070653326,40.81811814982971
2022-09-10,5.535763824761729,4.258558015915188,42.37016544221243
2022-09-11,5.565183487914661,2.370066045927954,47.31853670241557
2022-09-12,3.1996548214932066,1.1840728784378094,35.87299218928441
2022-09-13,8.469986637229843,2.1333570900160255,43.903834555587366
2022-09-14,7.167546411278377,4.3471585835285325,37.87616987793962
2022-09-15,4.923366166699186,5.435070553057493,40.06974225049517
2022-09-16,5.374393847748422,10.747131285831234,41.00263916644017
2022-09-17,5.695583649604494,3.59300824150333,33.0565267601841
2022-09-18,1.1564247568277395,7.9236436664214,36.58560377325047
2022-09-19,4.709508318503912,2.855474965474864,47.1630906291559
2022-09-20,3.8067659842045787,3.1703317465027117,44.77242490332433
2022-09-21,3.1372784805718643,3.042147269485095,39.96783911408721
2022-09-22,4.5510235119046865,3.9190228494160406,41.44206548791766
2022-09-23,8.6842324137645,6.118773882706475,38.70650619194863
2022-09-24,6.349117229859875,2.290055503306726,46.91777994379162
2022-09-25,3.906588909427432,1.524143595975319,39.096130889015235
2022-09-26,6.1785765451706185,6.458330309757966,41.22603242559084
2022-09-27,7.819539264518085,6.145491664497711,45.771807503402485
2022-09-28,6.860470209975201,8.764848188257359,36.1355482640698
2022-09-29,5.123797932966776,2.004415269956514,47.803020308737324
2022-09-30,3.7069598580414738,2.775075633262167,32.34935977818836
2022-10-01,6.396539229865278,6.6253584085880615,48.14839586084019
2022-10-02,5.789285751044591,2.268101230744691,38.141252040642314
2022-10-03,6.79788632765863,5.2755963280433456,38.80150603607993
2022-10-04,6.285989391808293,2.865254030578059,30.58124072097399
2022-10-05,7.125855699557115,4.242006188817154,37.77952695094842
2022-10-06,3.970339615407073,1.1613976954664966,34.88258742192199
2022-10-07,7.692609062329131,3.5582191178880302,37.077410135253594
2022-10-08,5.472977115205474,7.517454643077318,39.469000982696954
2022-10-09,9.251196794377002,5.770456622484618,44.990308170617475
2022-10-10,3.7481299398810024,1.4345105198102124,41.29102790912341
2022-10-11,8.627189438809577,10.186644266435614,41.848906931963725
2022-10-12,5.582756864209202,7.209278665451894,34.89627365034
2022-10-13,3.9186805777145333,1.2151315006871042,36.03926272187321
2022-10-14,4.291223780167147,2.145570847788056,49.51161598830814
2022-10-15,4.658666165096284,1.28184866124707,36.922716389153614
2022-10-16,6.190932516255286,4.328850344033227,48.966242507189385
2022-10-17,6.434373137347993,2.0669139786753656,39.56209832814966
2022-10-18,4.290251726203785,0.43250801047508947,40.88674314887941
2022-10-19,5.440725652526496,3.1592428591580726,46.33069547524658
2022-10-20,9.828576842952296,6.283615685461943,47.44753436115042
2022-10-21,9.056525760782462,3.6139122203155867,40.648816039766636
2022-10-22,6.534275051118805,4.942714945130388,39.38204015593379
2022-10-23,5.800590120544437,3.876315510673035,41.16956408580501
2022-10-24,6.030349776270178,5.604866479479988,43.2703618868279
2022-10-25,7.085756063607493,4.1357698459344805,46.1739586706421
2022-10-26,3.884276741576826,3.026432535005066,41.880873038918025
2022-10-27,5.488938228630869,3.5802787425211555,45.101814097070886
2022-10-28,2.743018387649327,8.981681440654217,50.35217173216372
2022-10-29,6.957771145776911,5.14221907759714,44.22519786245663
2022-10-30,7.535474827963038,1.430096912873807,44.040430177139
2022-10-31,5.359063528105283,3.53741601396058,35.05631877995773
2022-11-01,9.560333943822032,4.272763643603256,29.671070150338615
2022-11-02,4.050297758720033,2.9483117013595805,44.94553681560027
2022-11-03,3.6650661832355893,0.43545779706578575,42.7135107309061
2022-11-04,7.137197373461872,1.568792672186474,40.802674098110145
2022-11-05,8.879431072200152,2.3753950314533117,44.78811995488341
2022-11-06,10.252464792842108,10.968849451800127,43.4672001738682
2022-11-07,6.068620592515353,4.7523490671846345,49.611679489675964
2022-11-08,9.247905099294815,0.7217576088807895,44.611641206159334
2022-11-09,7.120024550290822,3.097363785180538,40.659466553233635
2022-11-10,6.960597131278971,8.06206274194987,49.56253465711766
2022-11-11,9.184261790187726,2.042140373246185,43.74822845569775
2022-11-12,8.83492487986129,6.797476989591697,47.69324166443044
2022-11-13,4.493045456391647,0.748101377907894,42.904606009756286
2022-11-14,10.716640316492665,0.06469615077463955,42.27798480659456
2022-11-15,10.64361648547715,7.492027958444438,46.18770870529298
2022-11-16,6.75429132646446,2.274767297280292,46.074976676685466
2022-11-17,8.921079394638133,2.4274442708644712,48.6580798323608
2022-11-18,9.24362418423603,3.8495760672487354,45.16789885679239
2022-11-19,8.905001349225033,4.632944065785717,37.58550871630245
2022-11-20,7.413094081959344,0.15232371589375485,44.86353936135843
2022-11-21,7.302430255222117,1.9062390659417987,51.260446317915516
2022-11-22,8.728424373608426,3.4879611388895233,46.0721846349671
2022-11-23,11.260689337367452,4.6254034589509,46.59854558512471
2022-11-24,10.139933439581212,1.4142725106209222,53.03734879031438
2022-11-25,8.450768601289786,2.8278180547504337,44.82412839462938
2022-11-26,10.876379858385516,2.036684545329272,40.95194878296316
2022-11-27,3.7785616270636506,3.9464196917520584,48.148138139020126
2022-11-28,11.917479685361204,7.311030889052625,46.81902681299031
2022-11-29,6.286416368788286,2.5383240383167074,44.7004562539227
2022-11-30,9.188408678672674,0.8979336189240916,48.94968884346442
2022-12-01,7.8229047091479185,1.816614649934407,52.58201723303433
2022-12-02,7.6232986474002775,10.119225343611564,50.3788803898451
2022-12-03,12.686150865728532,1.5744436588958055,52.26389994537417
2022-12-04,9.582304179972105,1.0931567922662424,60.102451657768896
2022-12-05,11.36525183795711,2.412511128947912,49.63009384120354
2022-12-06,10.734222816118482,3.097976840397065,53.04787112097705
2022-12-07,11.939201762386494,2.1448887444558435,49.424173402884826
2022-12-08,11.297009719684416,0.752760289037597,48.054933275692946
2022-12-09,8.736770122716099,4.234539933097656,49.68097087509763
2022-12-10,13.455772417130563,3.9494479349610634,50.53268469886412
2022-12-11,10.637257837736236,5.46091872616896,55.04692099585335
2022-12-12,8.67413958575684,3.8835105760592845,65.31998569965648
2022-12-13,11.094557431505267,9.57141212594554,50.321358325494984
2022-12-14,15.116695252462545,5.762077996191315,52.14722481431053
2022-12-15,13.980861908885936,4.974884280157065,54.24522178376166
2022-12-16,11.749162780022413,7.493223803314994,56.871928341224994
2022-12-17,11.914756931303637,3.709033548838001,56.54429873965491
2022-12-18,12.137514767523571,2.8761391285842683,61.982048709657256
2022-12-19,17.102450968435477,4.199522829677367,43.76594964995155
2022-12-20,13.881603806030645,0.4073068025895469,44.30081645215672
2022-12-21,14.147151852567374,3.717990650006174,54.094746256319716
2022-12-22,15.517478701420877,3.0953419225732306,62.40032452443293
2022-12-23,14.10479059692038,4.538382462747835,49.42618439970672
2022-12-24,13.279835259365061,6.81137858139286,42.557677403544155
2022-12-25,13.576283327355684,5.0784557497970155,60.793863082147325
2022-12-26,13.997149493797393,1.82100838317237,59.498990143764615
2022-12-27,14.237531258957096,6.066284639276502,53.17290942995641
2022-12-28,15.939062415041432,9.663636685441578,54.0399086519303
2022-12-29,14.759675655387145,6.932186230791177,54.46284916937172
2022-12-30,16.29314659287281,0.9851924690891647,60.208409464253
2022-12-31,14.838566839782828,5.040419366100146,56.86842361908495
